{
  "M": 8,
  "I": 5,
  "alpha_c": [
    0.35659084281131526,
    0.0142169728783902,
    0.021070282881306503,
    0.10301837270341208,
    0.505103528725576
  ],
  "io_matrix": [
    [
      0.3540617755545282,
      0.006385761737824198,
      0.010832508165511168,
      0.0035724829476337246,
      0.0,
      0.13148600314792472,
      0.02840540738439449,
      0.4652560610621835
    ],
    [
      0.0010412488680748727,
      0.01210006161120237,
      0.7370242605700645,
      0.16624498338812915,
      0.0,
      0.015213169146791584,
      0.03339258453356235,
      0.034983691882175094
    ],
    [
      0.017069409293489927,
      0.008390496906960494,
      0.02247701589614888,
      0.004391045475912789,
      0.0,
      0.22233786861292115,
      0.03980545271335047,
      0.6855287111012164
    ],
    [
      0.00911880739281937,
      0.021277933207958392,
      0.017826877315200662,
      0.0050122438999150535,
      0.5370190373209418,
      0.1625457074712922,
      0.04487607286751354,
      0.20232332052435917
    ],
    [
      0.0237189466592217,
      0.006037529858044261,
      0.02242276973028898,
      0.0074347016678202715,
      0.0,
      0.13278033798941494,
      0.7252557662973801,
      0.08234994779782978
    ]
  ],
  "c_min": [
    0.0,
    0.0,
    0.0,
    0.0,
    0.0
  ],
  "gamma": [
    0.46364909099353585,
    0.7853602453781896,
    0.7816427363907186,
    0.6835360614988915,
    0.5863716850799376,
    0.54857406236925,
    0.4725626131047011,
    0.624055111386807
  ],
  "epsilon": [
    1.0,
    1.0,
    1.0,
    1.0,
    1.0,
    1.0,
    1.0,
    1.0
  ],
  "gamma_g": [
    0.05,
    0.05,
    0.05,
    0.05,
    0.05,
    0.05,
    0.05,
    0.05
  ],
  "Z": [
    [
      0.5593697341666172,
      0.5788599973606277,
      0.8539030481721743,
      0.9065594585585641,
      0.7267148632268163,
      0.7826502219733023,
      1.0813758946409955,
      1.0
    ]
  ],
  "chi_b": [
    137.87415750239296,
    137.87415750239296,
    137.87415750239296,
    137.87415750239296,
    137.87415750239296,
    137.87415750239296,
    137.87415750239296
  ],
  "chi_n": [
    65.69705111264196,
    57.26538367199832,
    43.68615478018482,
    45.98023888851657,
    42.07052882320434,
    39.89835121810362,
    38.72146306250365,
    37.66541802122644,
    36.98891366732687,
    37.92167111993735,
    37.17987023718116,
    37.111785944562655,
    36.706039016274715,
    36.366799806848505,
    35.95377874141634,
    35.45575281185475,
    35.286704824781516,
    35.004720720146935,
    32.81641573356339,
    32.617870949234096,
    35.47705383492651,
    35.30890699334671,
    34.84329593311617,
    34.39575595253812,
    33.898620293645784,
    33.93064523762516,
    33.83271892809447,
    33.83760212053635,
    33.76219041964603,
    33.74717499324346,
    33.744796181466995,
    33.763196090985126,
    33.782458592935406,
    33.77920014403407,
    37.35982493182632,
    37.40615138982072,
    37.66429806944504,
    37.86870926130191,
    37.86398741609285,
    38.35518426629066,
    38.67317996340306,
    40.01574413504049,
    41.678234517743675,
    43.0472767147244,
    45.45819831394952,
    51.1009192909465,
    52.51186768319783,
    54.31612370426464,
    57.10323283965415,
    56.68673575990012,
    65.6123103464612,
    67.72944090140268,
    69.07474399488171,
    60.66379466260619,
    62.00792966898859,
    63.863332745624184,
    64.50751539865463,
    65.34505826789845,
    66.57210854055454,
    68.05561565545779,
    63.94965208473699,
    69.00580955297379,
    70.42895232849102,
    71.92973888410292,
    73.45388027070528,
    74.75857501282681,
    78.21197799010227,
    79.66360870319659,
    86.54050051541668,
    87.98519851948357,
    92.83922052947297,
    92.89322561292114,
    106.56960211825802,
    111.80842240534164,
    115.31808053784717,
    117.32142517062329,
    122.84449498985765,
    126.7958978212447,
    129.1716438796488,
    132.05428508812113
  ],
  "nu": 0.2,
  "TPI_outer_method": "anderson"
}
