{
  "M": 8,
  "I": 5,
  "alpha_c": [
    0.35659084281131526,
    0.0142169728783902,
    0.021070282881306503,
    0.10301837270341208,
    0.505103528725576
  ],
  "io_matrix": [
    [
      0.3540617755545282,
      0.006385761737824198,
      0.010832508165511168,
      0.0035724829476337246,
      0.0,
      0.13148600314792472,
      0.02840540738439449,
      0.4652560610621835
    ],
    [
      0.0010412488680748727,
      0.01210006161120237,
      0.7370242605700645,
      0.16624498338812915,
      0.0,
      0.015213169146791584,
      0.03339258453356235,
      0.034983691882175094
    ],
    [
      0.017069409293489927,
      0.008390496906960494,
      0.02247701589614888,
      0.004391045475912789,
      0.0,
      0.22233786861292115,
      0.03980545271335047,
      0.6855287111012164
    ],
    [
      0.00911880739281937,
      0.021277933207958392,
      0.017826877315200662,
      0.0050122438999150535,
      0.5370190373209418,
      0.1625457074712922,
      0.04487607286751354,
      0.20232332052435917
    ],
    [
      0.0237189466592217,
      0.006037529858044261,
      0.02242276973028898,
      0.0074347016678202715,
      0.0,
      0.13278033798941494,
      0.7252557662973801,
      0.08234994779782978
    ]
  ],
  "c_min": [
    0.0,
    0.0,
    0.0,
    0.0,
    0.0
  ],
  "gamma": [
    0.4699603021023616,
    0.7643080853562293,
    0.7609067717406619,
    0.671144629883778,
    0.5822446386327202,
    0.5476619196143594,
    0.4781156782484708,
    0.6167228743036391
  ],
  "epsilon": [
    1.0,
    1.0,
    1.0,
    1.0,
    1.0,
    1.0,
    1.0,
    1.0
  ],
  "gamma_g": [
    0.05,
    0.05,
    0.05,
    0.05,
    0.05,
    0.05,
    0.05,
    0.05
  ],
  "Z": [
    [
      0.5579863567515448,
      0.587262048804735,
      0.9015152835330021,
      0.9208978325057893,
      0.721080213555219,
      0.77627648040707,
      1.0705123262043335,
      1.0
    ]
  ],
  "cit_rate": [
    [
      0.25
    ]
  ],
  "tau_c": [
    [
      0.12
    ]
  ],
  "nu": 0.2
}
