{
  "M": 8,
  "I": 5,
  "alpha_c": [
    0.35659084281131526,
    0.0142169728783902,
    0.021070282881306503,
    0.10301837270341208,
    0.505103528725576
  ],
  "io_matrix": [
    [
      0.3540617755545282,
      0.006385761737824198,
      0.010832508165511168,
      0.0035724829476337246,
      0.0,
      0.13148600314792472,
      0.02840540738439449,
      0.4652560610621835
    ],
    [
      0.0010412488680748727,
      0.01210006161120237,
      0.7370242605700645,
      0.16624498338812915,
      0.0,
      0.015213169146791584,
      0.03339258453356235,
      0.034983691882175094
    ],
    [
      0.017069409293489927,
      0.008390496906960494,
      0.02247701589614888,
      0.004391045475912789,
      0.0,
      0.22233786861292115,
      0.03980545271335047,
      0.6855287111012164
    ],
    [
      0.00911880739281937,
      0.021277933207958392,
      0.017826877315200662,
      0.0050122438999150535,
      0.5370190373209418,
      0.1625457074712922,
      0.04487607286751354,
      0.20232332052435917
    ],
    [
      0.0237189466592217,
      0.006037529858044261,
      0.02242276973028898,
      0.0074347016678202715,
      0.0,
      0.13278033798941494,
      0.7252557662973801,
      0.08234994779782978
    ]
  ],
  "c_min": [
    0.0,
    0.0,
    0.0,
    0.0,
    0.0
  ],
  "gamma": [
    0.46364909099353585,
    0.7853602453781896,
    0.7816427363907186,
    0.6835360614988915,
    0.5863716850799376,
    0.54857406236925,
    0.4725626131047011,
    0.624055111386807
  ],
  "epsilon": [
    1.0,
    1.0,
    1.0,
    1.0,
    1.0,
    1.0,
    1.0,
    1.0
  ],
  "gamma_g": [
    0.05,
    0.05,
    0.05,
    0.05,
    0.05,
    0.05,
    0.05,
    0.05
  ],
  "Z": [
    [
      0.5593697341666172,
      0.5788599973606277,
      0.8539030481721743,
      0.9065594585585641,
      0.7267148632268163,
      0.7826502219733023,
      1.0813758946409955,
      1.0
    ]
  ],
  "cit_rate": [
    [
      0.25
    ]
  ],
  "tau_c": [
    [
      0.12
    ]
  ],
  "nu": 0.2
}
